year,m,pilgrims,women,%,men,%,<30,%,30-60,%,>60,%,frances,%,port.,%,norte,%,prim.,%,ingles,%,plata,%,finis.,%,Spain,%,Italy,%,Germany,%,US,%,Portugal,%,France,%,UK,%,Ireland,%,Canada,%,Holland,%,Korea,%,Brazil,%,Austria,%,Poland,%,Belgium,%,Australia,%,Japan,%,Swiss,%,Mexico,%,Argentina,%,Denmark,%,China,%,Finland,%,Czech,%,Hungary,%,Venezuela,%
2015,all,262459,123530,47.1,138929,52.9,74691,28.5,144031,54.9,43737,16.7,172206,65.6,43137,16.4,15826,6.0,11471,4.4,9247,3.5,9221,3.5,758,0.3,122387,46.6,22148,8.4,18869,7.2,13669,5.2,12481,4.8,9912,3.8,5417,2.1,5367,2.0,4199,1.6,0,0.0,0,0.0,0,0.0,0,0.0,0,0.0,0,0.0,0,0.0,0,0.0,0,0.0,0,0.0,0,0.0,0,0.0,0,0.0,0,0.0,0,0.0,0,0.0,0,0.0
2014,all,237886,109386,46.0,128500,54.0,67348,28.3,131764,55.4,38774,16.3,161994,68.1,35491,14.9,15071,6.3,8275,3.5,7194,3.0,8490,3.6,652,0.3,113624,47.8,20241,8.5,16345,6.9,11577,4.9,11655,4.9,9345,3.9,4395,1.8,5020,2.1,0,0.0,0,0.0,3840,1.6,0,0.0,0,0.0,0,0.0,0,0.0,0,0.0,0,0.0,0,0.0,0,0.0,0,0.0,0,0.0,0,0.0,0,0.0,0,0.0,0,0.0,0,0.0
2013,all,215880,98007,45.4,117873,54.6,61114,28.3,121305,56.2,33461,15.5,151761,70.3,29550,13.7,13393,6.2,6854,3.2,4404,2.0,9016,4.2,454,0.2,105891,49.1,15621,7.2,16203,7.5,10125,4.7,10698,5.0,8305,3.8,4207,1.9,5012,2.3,3373,1.6,0,0.0,0,0.0,0,0.0,0,0.0,0,0.0,0,0.0,0,0.0,0,0.0,0,0.0,0,0.0,0,0.0,0,0.0,0,0.0,0,0.0,0,0.0,0,0.0,0,0.0
2012,all,192488,83678,43.5,108810,56.5,54731,28.4,109309,56.8,28448,14.8,134978,70.1,25628,13.3,12920,6.7,6349,3.3,3577,1.9,8163,4.2,417,0.2,95274,49.5,12404,6.4,15621,8.1,7071,3.7,10329,5.4,8121,4.2,3758,2.0,3844,2.0,0,0.0,3015,1.6,0,0.0,0,0.0,0,0.0,0,0.0,0,0.0,0,0.0,0,0.0,0,0.0,0,0.0,0,0.0,0,0.0,0,0.0,0,0.0,0,0.0,0,0.0,0,0.0
2011,all,183366,77534,42.3,105832,57.7,52142,28.4,105736,57.7,25488,13.9,132652,72.3,22062,12.0,11729,6.4,5544,3.0,2720,1.5,8061,4.4,202,0.1,98985,54.0,12023,6.6,16385,8.9,3670,2.0,8559,4.7,8047,4.4,2351,1.3,2641,1.4,0,0.0,2375,1.3,0,0.0,0,0.0,0,0.0,0,0.0,0,0.0,0,0.0,0,0.0,0,0.0,0,0.0,0,0.0,0,0.0,0,0.0,0,0.0,0,0.0,0,0.0,0,0.0
2010,all,272412,120756,44.3,151656,55.7,79918,29.3,158464,58.2,34030,12.5,189271,69.5,34251,12.6,17929,6.6,7727,2.8,6464,2.4,14251,5.2,1797,0.7,189908,69.7,13963,5.1,14241,5.2,3241,1.2,7668,2.8,8961,3.3,0,0.0,2254,0.8,0,0.0,2046,0.8,0,0.0,2072,0.8,0,0.0,0,0.0,0,0.0,0,0.0,0,0.0,0,0.0,0,0.0,0,0.0,0,0.0,0,0.0,0,0.0,0,0.0,0,0.0,0,0.0
2009,all,145878,59934,41.1,85944,58.9,44418,30.4,82908,56.8,18552,12.7,113004,77.5,11952,8.2,8988,6.2,3391,2.3,1792,1.2,6254,4.3,76,0.1,78902,54.1,10340,7.1,14789,10.1,2540,1.7,4855,3.3,7459,5.1,0,0.0,0,0.0,2194,1.5,1916,1.3,0,0.0,0,0.0,1995,1.4,0,0.0,0,0.0,0,0.0,0,0.0,0,0.0,0,0.0,0,0.0,0,0.0,0,0.0,0,0.0,0,0.0,0,0.0,0,0.0
2008,all,125141,52205,41.7,72936,58.3,36626,29.3,71451,57.1,17064,13.6,98729,78.9,9770,7.8,6964,5.6,2719,2.2,1451,1.2,5104,4.1,104,0.1,60992,48.7,10707,8.6,15746,12.6,2214,1.8,4341,3.5,6618,5.3,0,0.0,0,0.0,1933,1.5,1864,1.5,0,0.0,0,0.0,1847,1.5,0,0.0,0,0.0,0,0.0,0,0.0,0,0.0,0,0.0,0,0.0,0,0.0,0,0.0,0,0.0,0,0.0,0,0.0,0,0.0
2007,all,114026,47246,41.4,66780,58.6,34561,30.3,64569,56.6,14896,13.1,91872,80.6,8110,7.1,5817,5.1,2569,2.3,1085,1.0,4193,3.7,179,0.2,55326,48.5,10275,9.0,13837,12.1,2229,2.0,4001,3.5,6982,6.1,1696,1.5,0,0.0,1850,1.6,0,0.0,0,0.0,0,0.0,1686,1.5,0,0.0,0,0.0,0,0.0,0,0.0,0,0.0,0,0.0,0,0.0,0,0.0,0,0.0,0,0.0,0,0.0,0,0.0,0,0.0
2006,all,100377,40961,40.8,59416,59.2,32706,32.6,55791,55.6,11880,11.8,82407,82.1,6466,6.4,5259,5.2,1588,1.6,804,0.8,3523,3.5,115,0.1,52211,52.0,10013,10.0,8097,8.1,1909,1.9,3365,3.4,6791,6.8,1541,1.5,0,0.0,1546,1.5,1633,1.6,0,0.0,0,0.0,0,0.0,0,0.0,0,0.0,0,0.0,0,0.0,0,0.0,0,0.0,0,0.0,0,0.0,0,0.0,0,0.0,0,0.0,0,0.0,0,0.0
2005,all,93924,38218,40.7,55706,59.3,30217,32.2,53294,56.7,10413,11.1,79396,84.5,5507,5.9,3843,4.1,1028,1.1,651,0.7,3140,3.3,107,0.1,52881,56.3,7429,7.9,7155,7.6,2047,2.2,2572,2.7,5909,6.3,1512,1.6,0,0.0,0,0.0,1610,1.7,0,0.0,0,0.0,1470,1.6,0,0.0,0,0.0,0,0.0,0,0.0,0,0.0,0,0.0,0,0.0,0,0.0,0,0.0,0,0.0,0,0.0,0,0.0,0,0.0
2004,all,179944,79513,44.2,100431,55.8,66783,37.1,98600,54.8,14561,8.1,138646,77.0,15838,8.8,7117,4.0,4876,2.7,3092,1.7,9309,5.2,280,0.2,137502,76.4,7638,4.2,6791,3.8,2016,1.1,3241,1.8,6527,3.6,1416,0.8,0,0.0,0,0.0,1388,0.8,0,0.0,1433,0.8,0,0.0,0,0.0,0,0.0,0,0.0,0,0.0,0,0.0,0,0.0,0,0.0,0,0.0,0,0.0,0,0.0,0,0.0,0,0.0,0,0.0
,,,,,,,,,
2016,1,1304,411,31.5,893,68.5,419,32.1,802,61.5,83,6.4,862,66.1,217,16.6,45,3.5,66,5.1,60,4.6,43,3.3,8,0.6,579,44.4,86,6.6,60,4.6,50,3.8,69,5.3,0,0.0,0,0.0,0,0.0,0,0.0,0,0.0,170,13.0,44,3.4,0,0.0,19,1.5,0,0.0,0,0.0,0,0.0,0,0.0,0,0.0,0,0.0,0,0.0,19,1.5,0,0.0,0,0.0,0,0.0,0,0.0
2015,1,1217,434,35.7,783,64.3,421,34.6,743,61.1,53,4.4,847,69.6,215,17.7,18,1.5,15,1.2,51,4.2,45,3.7,9,0.7,493,40.5,80,6.6,52,4.3,65,5.3,69,5.7,20,1.6,0,0.0,0,0.0,0,0.0,0,0.0,202,16.6,29,2.4,0,0.0,0,0.0,0,0.0,0,0.0,0,0.0,0,0.0,0,0.0,0,0.0,0,0.0,0,0.0,0,0.0,21,1.7,0,0.0,0,0.0
2014,1,906,310,34.2,596,65.8,333,36.8,511,56.4,62,6.8,609,67.2,136,15.0,43,4.7,58,6.4,32,3.5,25,2.8,1,0.1,416,45.9,69,7.6,22,2.4,29,3.2,49,5.4,18,2.0,0,0.0,0,0.0,0,0.0,0,0.0,120,13.2,22,2.4,0,0.0,0,0.0,0,0.0,0,0.0,0,0.0,0,0.0,18,2.0,0,0.0,0,0.0,0,0.0,0,0.0,0,0.0,0,0.0,0,0.0
2013,1,806,247,30.6,559,69.4,248,30.8,512,63.5,46,5.7,562,69.7,120,14.9,36,4.5,14,1.7,21,2.6,45,5.6,5,0.6,390,48.4,31,3.8,35,4.3,30,3.7,47,5.8,0,0.0,0,0.0,0,0.0,0,0.0,0,0.0,118,14.6,19,2.4,0,0.0,0,0.0,0,0.0,16,2.0,14,1.7,0,0.0,0,0.0,0,0.0,0,0.0,0,0.0,0,0.0,0,0.0,0,0.0,0,0.0
2012,1,872,295,33.8,577,66.2,289,33.1,526,60.3,57,6.5,627,71.9,106,12.2,21,2.4,59,6.8,23,2.6,31,3.6,4,0.5,483,55.4,49,5.6,33,3.8,36,4.1,19,2.2,0,0.0,0,0.0,0,0.0,11,1.3,0,0.0,103,11.8,19,2.2,0,0.0,0,0.0,0,0.0,0,0.0,0,0.0,0,0.0,11,1.3,0,0.0,0,0.0,0,0.0,0,0.0,0,0.0,0,0.0,0,0.0
2011,1,649,211,32.5,438,67.5,194,29.9,430,66.3,25,3.9,491,75.7,60,9.2,53,8.2,18,2.8,7,1.1,17,2.6,3,0.5,378,58.2,34,5.2,25,3.9,13,2.0,32,4.9,10,1.5,0,0.0,0,0.0,0,0.0,0,0.0,64,9.9,10,1.5,0,0.0,0,0.0,0,0.0,0,0.0,0,0.0,0,0.0,8,1.2,0,0.0,0,0.0,0,0.0,0,0.0,0,0.0,0,0.0,0,0.0
2010,1,1169,395,33.8,774,66.2,413,35.3,665,56.9,91,7.8,863,73.8,111,9.5,86,7.4,29,2.5,10,0.9,65,5.6,1,0.1,798,68.3,42,3.6,65,5.6,14,1.2,44,3.8,16,1.4,0,0.0,0,0.0,0,0.0,14,1.2,60,5.1,11,0.9,0,0.0,0,0.0,0,0.0,0,0.0,0,0.0,0,0.0,0,0.0,0,0.0,0,0.0,0,0.0,0,0.0,0,0.0,0,0.0,0,0.0
2009,1,520,177,34.0,343,66.0,171,32.9,325,62.5,24,4.6,417,80.2,30,5.8,21,4.0,24,4.6,5,1.0,21,4.0,0,0.0,273,52.5,39,7.5,35,6.7,9,1.7,18,3.5,16,3.1,0,0.0,0,0.0,0,0.0,6,1.2,51,9.8,21,4.0,0,0.0,0,0.0,0,0.0,0,0.0,0,0.0,0,0.0,0,0.0,0,0.0,0,0.0,0,0.0,0,0.0,0,0.0,0,0.0,0,0.0
2008,1,306,95,31.0,211,69.0,99,32.4,188,61.4,19,6.2,240,78.4,28,9.2,11,3.6,4,1.3,1,0.3,18,5.9,2,0.7,159,52.0,15,4.9,34,11.1,8,2.6,8,2.6,0,0.0,0,0.0,0,0.0,0,0.0,6,2.0,11,3.6,13,4.2,7,2.3,0,0.0,0,0.0,0,0.0,0,0.0,0,0.0,0,0.0,0,0.0,0,0.0,0,0.0,0,0.0,0,0.0,0,0.0,0,0.0
2007,1,350,98,28.0,252,72.0,99,28.3,231,66.0,20,5.7,294,84.0,17,4.9,15,4.3,13,3.7,0,0.0,11,3.1,0,0.0,182,52.0,18,5.1,33,9.4,26,7.4,9,2.6,11,3.1,0,0.0,0,0.0,0,0.0,0,0.0,6,1.7,8,2.3,0,0.0,0,0.0,0,0.0,0,0.0,0,0.0,0,0.0,0,0.0,12,3.4,0,0.0,0,0.0,0,0.0,0,0.0,0,0.0,0,0.0
2006,1,314,82,26.1,232,73.9,86,27.4,210,66.9,18,5.7,251,79.9,27,8.6,13,4.1,3,1.0,1,0.3,15,4.8,2,0.6,185,58.9,19,6.1,18,5.7,0,0.0,0,0.0,15,4.8,9,2.9,0,0.0,0,0.0,0,0.0,0,0.0,10,3.2,6,1.9,0,0.0,0,0.0,0,0.0,6,1.9,0,0.0,0,0.0,6,1.9,0,0.0,0,0.0,0,0.0,0,0.0,0,0.0,0,0.0
2005,1,269,73,27.1,196,72.9,86,32.0,174,64.7,9,3.3,226,84.0,21,7.8,8,3.0,1,0.4,3,1.1,9,3.3,1,0.4,164,61.0,16,5.9,6,2.2,18,6.7,4,1.5,14,5.2,0,0.0,0,0.0,0,0.0,0,0.0,0,0.0,12,4.5,5,1.9,0,0.0,0,0.0,4,1.5,0,0.0,0,0.0,0,0.0,0,0.0,0,0.0,0,0.0,0,0.0,0,0.0,0,0.0,0,0.0
2004,1,696,204,29.3,492,70.7,221,31.8,415,59.6,60,8.6,609,87.5,25,3.6,16,2.3,0,0.0,5,0.7,26,3.7,0,0.0,584,83.9,13,1.9,14,2.0,13,1.9,8,1.1,10,1.4,0,0.0,0,0.0,0,0.0,5,0.7,0,0.0,0,0.0,0,0.0,0,0.0,0,0.0,12,1.7,0,0.0,7,1.0,0,0.0,0,0.0,0,0.0,0,0.0,0,0.0,0,0.0,0,0.0,0,0.0
,,,,,,,,,
2016,2,1733,620,35.8,1113,64.2,709,40.9,891,51.4,133,7.7,1195,69.0,286,16.5,40,2.3,38,2.2,117,6.8,40,2.3,5,0.3,689,39.8,86,5.0,84,4.8,42,2.4,259,14.9,0,0.0,0,0.0,36,2.1,0,0.0,0,0.0,249,14.4,33,1.9,0,0.0,0,0.0,0,0.0,0,0.0,34,2.0,0,0.0,0,0.0,0,0.0,0,0.0,0,0.0,0,0.0,0,0.0,0,0.0,0,0.0
2015,2,1544,593,38.4,951,61.6,799,51.7,672,43.5,73,4.7,1129,73.1,244,15.8,54,3.5,24,1.6,23,1.5,61,4.0,6,0.4,667,43.2,49,3.2,54,3.5,43,2.8,233,15.1,0,0.0,0,0.0,80,5.2,0,0.0,0,0.0,146,9.5,26,1.7,0,0.0,0,0.0,0,0.0,0,0.0,0,0.0,0,0.0,0,0.0,0,0.0,0,0.0,21,1.4,0,0.0,0,0.0,0,0.0,0,0.0
2014,2,970,347,35.8,623,64.2,431,44.4,452,46.6,87,9.0,679,70.0,114,11.8,35,3.6,27,2.8,22,2.3,92,9.5,1,0.1,495,51.0,34,3.5,42,4.3,22,2.3,27,2.8,22,2.3,0,0.0,76,7.8,0,0.0,0,0.0,100,10.3,0,0.0,0,0.0,0,0.0,0,0.0,0,0.0,24,2.5,0,0.0,0,0.0,0,0.0,0,0.0,0,0.0,0,0.0,0,0.0,0,0.0,0,0.0
2013,2,1382,509,36.8,873,63.2,716,51.8,613,44.4,53,3.8,946,68.5,258,18.7,36,2.6,24,1.7,24,1.7,87,6.3,4,0.3,604,43.7,26,1.9,55,4.0,34,2.5,284,20.5,24,1.7,0,0.0,76,5.5,0,0.0,0,0.0,94,6.8,0,0.0,0,0.0,0,0.0,0,0.0,0,0.0,0,0.0,0,0.0,12,0.9,0,0.0,0,0.0,0,0.0,0,0.0,0,0.0,0,0.0,0,0.0
2012,2,1305,484,37.1,821,62.9,584,44.8,653,50.0,68,5.2,901,69.0,251,19.2,32,2.5,45,3.4,23,1.8,50,3.8,0,0.0,587,45.0,23,1.8,62,4.8,19,1.5,322,24.7,19,1.5,34,2.6,0,0.0,0,0.0,0,0.0,55,4.2,26,2.0,0,0.0,0,0.0,0,0.0,0,0.0,0,0.0,0,0.0,0,0.0,0,0.0,0,0.0,0,0.0,0,0.0,0,0.0,0,0.0,0,0.0
2011,2,820,262,32.0,558,68.0,343,41.8,438,53.4,39,4.8,628,76.6,88,10.7,27,3.3,24,2.9,12,1.5,36,4.4,2,0.2,520,63.4,19,2.3,47,5.7,17,2.1,41,5.0,17,2.1,0,0.0,0,0.0,0,0.0,0,0.0,49,6.0,16,2.0,0,0.0,0,0.0,0,0.0,0,0.0,13,1.6,0,0.0,0,0.0,0,0.0,0,0.0,0,0.0,0,0.0,0,0.0,0,0.0,0,0.0
2010,2,1640,531,32.4,1109,67.6,659,40.2,898,54.8,83,5.1,1255,76.5,228,13.9,43,2.6,42,2.6,27,1.6,44,2.7,0,0.0,1068,65.1,45,2.7,66,4.0,18,1.1,222,13.5,20,1.2,0,0.0,0,0.0,0,0.0,0,0.0,28,1.7,21,1.3,0,0.0,0,0.0,0,0.0,0,0.0,0,0.0,0,0.0,22,1.3,0,0.0,0,0.0,0,0.0,0,0.0,0,0.0,0,0.0,0,0.0
2009,2,681,213,31.3,468,68.7,309,45.4,338,49.6,34,5.0,497,73.0,100,14.7,17,2.5,13,1.9,11,1.6,37,5.4,0,0.0,307,45.1,22,3.2,48,7.0,8,1.2,173,25.4,27,4.0,0,0.0,0,0.0,9,1.3,0,0.0,9,1.3,0,0.0,0,0.0,0,0.0,0,0.0,0,0.0,10,1.5,0,0.0,0,0.0,0,0.0,0,0.0,0,0.0,0,0.0,0,0.0,0,0.0,0,0.0
2008,2,703,217,30.9,486,69.1,350,49.8,331,47.1,22,3.1,552,78.5,97,13.8,12,1.7,10,1.4,4,0.6,28,4.0,0,0.0,345,49.1,20,2.8,40,5.7,0,0.0,137,19.5,37,5.3,0,0.0,0,0.0,0,0.0,0,0.0,9,1.3,14,2.0,11,1.6,0,0.0,10,1.4,0,0.0,0,0.0,0,0.0,0,0.0,0,0.0,0,0.0,0,0.0,0,0.0,0,0.0,0,0.0,0,0.0
2007,2,666,247,37.1,419,62.9,322,48.3,320,48.0,24,3.6,499,74.9,90,13.5,45,6.8,5,0.8,5,0.8,20,3.0,1,0.2,316,47.4,15,2.3,32,4.8,12,1.8,167,25.1,9,1.4,0,0.0,19,2.9,9,1.4,0,0.0,0,0.0,0,0.0,0,0.0,0,0.0,0,0.0,0,0.0,0,0.0,0,0.0,12,1.8,0,0.0,0,0.0,0,0.0,0,0.0,0,0.0,0,0.0,0,0.0
2006,2,351,126,35.9,225,64.1,167,47.6,166,47.3,18,5.1,285,81.2,33,9.4,13,3.7,0,0.0,8,2.3,11,3.1,1,0.3,244,69.5,9,2.6,23,6.6,7,2.0,12,3.4,6,1.7,8,2.3,0,0.0,0,0.0,0,0.0,0,0.0,0,0.0,5,1.4,5,1.4,0,0.0,0,0.0,0,0.0,0,0.0,0,0.0,0,0.0,0,0.0,0,0.0,0,0.0,0,0.0,0,0.0,0,0.0
2005,2,558,230,41.2,328,58.8,219,39.2,316,56.6,23,4.1,472,84.6,54,9.7,6,1.1,3,0.5,3,0.5,19,3.4,0,0.0,385,69.0,8,1.4,26,4.7,0,0.0,64,11.5,18,3.2,4,0.7,0,0.0,0,0.0,5,0.9,0,0.0,6,1.1,0,0.0,0,0.0,0,0.0,0,0.0,13,2.3,0,0.0,0,0.0,0,0.0,0,0.0,0,0.0,0,0.0,0,0.0,0,0.0,0,0.0
2004,2,1404,494,35.2,910,64.8,718,51.1,636,45.3,50,3.6,1127,80.3,178,12.7,41,2.9,0,0.0,34,2.4,20,1.4,0,0.0,1145,81.6,7,0.5,32,2.3,13,0.9,58,4.1,21,1.5,0,0.0,0,0.0,0,0.0,0,0.0,0,0.0,14,1.0,0,0.0,0,0.0,0,0.0,0,0.0,0,0.0,0,0.0,9,0.6,0,0.0,0,0.0,0,0.0,31,2.2,0,0.0,0,0.0,0,0.0
,,,,,,,,,
2016,3,11067,5251,47.4,5816,52.6,4858,43.9,5427,49.0,782,7.1,7006,63.3,2243,20.3,321,2.9,416,3.8,507,4.6,530,4.8,15,0.1,6832,61.7,247,2.2,819,7.4,284,2.6,885,8.0,0,0.0,163,1.5,329,3.0,0,0.0,0,0.0,114,1.0,0,0.0,0,0.0,0,0.0,0,0.0,0,0.0,0,0.0,0,0.0,120,1.1,0,0.0,0,0.0,0,0.0,0,0.0,0,0.0,0,0.0,0,0.0
2015,3,5080,2248,44.3,2832,55.7,2436,48.0,2229,43.9,415,8.2,3417,67.3,921,18.1,132,2.6,218,4.3,148,2.9,199,3.9,33,0.6,2891,56.9,151,3.0,437,8.6,183,3.6,449,8.8,0,0.0,80,1.6,59,1.2,0,0.0,0,0.0,110,2.2,0,0.0,0,0.0,0,0.0,0,0.0,0,0.0,60,1.2,0,0.0,0,0.0,0,0.0,0,0.0,0,0.0,0,0.0,0,0.0,0,0.0,0,0.0
2014,3,3150,1191,37.8,1959,62.2,1136,36.1,1713,54.4,301,9.6,2087,66.3,610,19.4,102,3.2,67,2.1,121,3.8,145,4.6,10,0.3,1529,48.5,95,3.0,402,12.8,149,4.7,273,8.7,57,1.8,59,1.9,0,0.0,0,0.0,0,0.0,63,2.0,54,1.7,0,0.0,0,0.0,0,0.0,0,0.0,0,0.0,0,0.0,0,0.0,0,0.0,0,0.0,0,0.0,0,0.0,0,0.0,0,0.0,0,0.0
2013,3,7229,3358,46.5,3871,53.5,3209,44.4,3570,49.4,450,6.2,4707,65.1,1487,20.6,200,2.8,182,2.5,316,4.4,298,4.1,28,0.4,4439,61.4,139,1.9,455,6.3,237,3.3,808,11.2,73,1.0,114,1.6,72,1.0,0,0.0,0,0.0,71,1.0,0,0.0,0,0.0,0,0.0,0,0.0,0,0.0,0,0.0,0,0.0,0,0.0,0,0.0,0,0.0,0,0.0,0,0.0,0,0.0,0,0.0,0,0.0
2012,3,3260,1254,38.5,2006,61.5,1336,41.0,1614,49.5,310,9.5,2196,67.4,596,18.3,119,3.7,116,3.6,51,1.6,176,5.4,1,0.0,1732,53.1,111,3.4,327,10.0,112,3.4,229,7.0,90,2.8,58,1.8,93,2.9,0,0.0,0,0.0,49,1.5,0,0.0,0,0.0,0,0.0,0,0.0,0,0.0,0,0.0,0,0.0,0,0.0,0,0.0,0,0.0,0,0.0,0,0.0,0,0.0,0,0.0,0,0.0
2011,3,3024,1111,36.7,1913,63.3,1272,42.1,1576,52.1,176,5.8,1911,63.2,605,20.0,80,2.6,79,2.6,41,1.4,283,9.4,7,0.2,1534,50.7,77,2.5,245,8.1,79,2.6,597,19.7,46,1.5,34,1.1,87,2.9,0,0.0,0,0.0,38,1.3,0,0.0,0,0.0,0,0.0,0,0.0,0,0.0,0,0.0,0,0.0,0,0.0,0,0.0,0,0.0,0,0.0,0,0.0,0,0.0,0,0.0,0,0.0
2010,3,5882,2421,41.2,3461,58.8,2289,38.9,3108,52.8,485,8.2,4014,68.2,850,14.5,281,4.8,144,2.4,180,3.1,391,6.6,7,0.1,4648,79.0,63,1.1,325,5.5,63,1.1,168,2.9,61,1.0,45,0.8,93,1.6,0,0.0,0,0.0,0,0.0,0,0.0,0,0.0,0,0.0,0,0.0,0,0.0,40,0.7,0,0.0,0,0.0,0,0.0,0,0.0,0,0.0,0,0.0,0,0.0,0,0.0,0,0.0
2009,3,1808,605,33.5,1203,66.5,656,36.3,983,54.4,169,9.3,1393,77.0,157,8.7,49,2.7,60,3.3,16,0.9,112,6.2,10,0.6,1108,61.3,72,4.0,230,12.7,45,2.5,43,2.4,42,2.3,22,1.2,36,2.0,0,0.0,0,0.0,0,0.0,0,0.0,29,1.6,0,0.0,0,0.0,0,0.0,0,0.0,0,0.0,0,0.0,0,0.0,0,0.0,0,0.0,0,0.0,0,0.0,0,0.0,0,0.0
2008,3,5328,2304,43.2,3024,56.8,2313,43.4,2732,51.3,283,5.3,3793,71.2,621,11.7,268,5.0,197,3.7,78,1.5,293,5.5,37,0.7,3635,68.2,61,1.1,426,8.0,125,2.3,485,9.1,40,0.8,0,0.0,61,1.1,0,0.0,0,0.0,0,0.0,48,0.9,66,1.2,0,0.0,0,0.0,0,0.0,0,0.0,0,0.0,0,0.0,0,0.0,0,0.0,0,0.0,0,0.0,0,0.0,0,0.0,0,0.0
2007,3,1680,623,37.1,1057,62.9,812,48.3,735,43.8,133,7.9,1405,83.6,126,7.5,58,3.5,14,0.8,22,1.3,40,2.4,1,0.1,1005,59.8,47,2.8,223,13.3,50,3.0,59,3.5,29,1.7,24,1.4,32,1.9,0,0.0,0,0.0,0,0.0,22,1.3,0,0.0,0,0.0,0,0.0,0,0.0,0,0.0,0,0.0,0,0.0,0,0.0,0,0.0,0,0.0,0,0.0,0,0.0,0,0.0,0,0.0
2006,3,1093,385,35.2,708,64.8,493,45.1,532,48.7,68,6.2,942,86.2,60,5.5,39,3.6,7,0.6,5,0.5,37,3.4,1,0.1,555,50.8,31,2.8,109,10.0,16,1.5,118,10.8,40,3.7,49,4.5,0,0.0,27,2.5,0,0.0,0,0.0,0,0.0,0,0.0,0,0.0,0,0.0,0,0.0,0,0.0,0,0.0,23,2.1,0,0.0,0,0.0,0,0.0,0,0.0,0,0.0,0,0.0,0,0.0
2005,3,3128,1251,40.0,1877,60.0,1682,53.8,1354,43.3,92,2.9,2426,77.6,302,9.7,129,4.1,31,1.0,57,1.8,130,4.2,3,0.1,2185,69.9,88,2.8,193,6.2,57,1.8,200,6.4,38,1.2,42,1.3,44,1.4,0,0.0,0,0.0,0,0.0,0,0.0,0,0.0,0,0.0,42,1.3,0,0.0,0,0.0,0,0.0,0,0.0,0,0.0,0,0.0,0,0.0,0,0.0,0,0.0,0,0.0,0,0.0
2004,3,3105,1267,40.8,1838,59.2,1264,40.7,1654,53.3,187,6.0,2349,75.7,411,13.2,103,3.3,0,0.0,141,4.5,92,3.0,0,0.0,2695,86.8,20,0.6,114,3.7,30,1.0,22,0.7,23,0.7,31,1.0,0,0.0,18,0.6,0,0.0,0,0.0,0,0.0,0,0.0,0,0.0,0,0.0,0,0.0,0,0.0,0,0.0,17,0.5,0,0.0,0,0.0,0,0.0,0,0.0,0,0.0,0,0.0,0,0.0
,,,,,,,,,
2016,4,15103,7074,46.8,8029,53.2,3565,23.6,8429,55.8,3109,20.6,9554,63.3,3316,22.0,533,3.5,499,3.3,470,3.1,700,4.6,10,0.1,5136,34.0,951,6.3,1559,10.3,679,4.5,1511,10.0,666,4.4,561,3.7,651,4.3,0,0.0,0,0.0,433,2.9,0,0.0,0,0.0,0,0.0,0,0.0,0,0.0,0,0.0,0,0.0,0,0.0,0,0.0,0,0.0,0,0.0,0,0.0,0,0.0,0,0.0,0,0.0
2015,4,17722,8536,48.2,9186,51.8,5090,28.7,9966,56.2,2666,15.0,11433,64.5,3450,19.5,666,3.8,700,3.9,670,3.8,746,4.2,30,0.2,8728,49.2,663,3.7,1508,8.5,684,3.9,1237,7.0,538,3.0,468,2.6,532,3.0,0,0.0,0,0.0,342,1.9,0,0.0,0,0.0,0,0.0,0,0.0,0,0.0,0,0.0,0,0.0,0,0.0,0,0.0,0,0.0,0,0.0,0,0.0,0,0.0,0,0.0,0,0.0
2014,4,17346,8024,46.3,9322,53.7,5701,32.9,9532,55.0,2113,12.2,11383,65.6,3550,20.5,593,3.4,466,2.7,509,2.9,799,4.6,29,0.2,8246,47.5,973,5.6,1257,7.2,588,3.4,1833,10.6,528,3.0,334,1.9,686,4.0,0,0.0,0,0.0,270,1.6,0,0.0,0,0.0,0,0.0,0,0.0,0,0.0,0,0.0,0,0.0,0,0.0,0,0.0,0,0.0,0,0.0,0,0.0,0,0.0,0,0.0,0,0.0
2013,4,11533,4944,42.9,6589,57.1,2988,25.9,6646,57.6,1899,16.5,7831,67.9,2043,17.7,466,4.0,392,3.4,223,1.9,535,4.6,33,0.3,4478,38.8,487,4.2,1201,10.4,549,4.8,1281,11.1,398,3.5,315,2.7,511,4.4,184,1.6,0,0.0,0,0.0,0,0.0,0,0.0,0,0.0,0,0.0,0,0.0,0,0.0,0,0.0,0,0.0,0,0.0,0,0.0,0,0.0,0,0.0,0,0.0,0,0.0,0,0.0
2012,4,14751,6489,44.0,8262,56.0,4738,32.1,8200,55.6,1813,12.3,9749,66.1,2705,18.3,615,4.2,434,2.9,327,2.2,866,5.9,27,0.2,7332,49.7,512,3.5,1325,9.0,385,2.6,1591,10.8,593,4.0,277,1.9,276,1.9,173,1.2,0,0.0,0,0.0,0,0.0,0,0.0,0,0.0,0,0.0,0,0.0,0,0.0,0,0.0,0,0.0,0,0.0,0,0.0,0,0.0,0,0.0,0,0.0,0,0.0,0,0.0
2011,4,14154,6225,44.0,7929,56.0,4871,34.4,7824,55.3,1459,10.3,9914,70.0,2374,16.8,525,3.7,417,2.9,209,1.5,662,4.7,11,0.1,8412,59.4,319,2.3,1357,9.6,241,1.7,1133,8.0,396,2.8,190,1.3,130,0.9,0,0.0,0,0.0,0,0.0,0,0.0,0,0.0,0,0.0,0,0.0,0,0.0,0,0.0,0,0.0,0,0.0,0,0.0,161,1.1,0,0.0,0,0.0,0,0.0,0,0.0,0,0.0
2010,4,19587,8587,43.8,11000,56.2,5648,28.8,11690,59.7,2249,11.5,13635,69.6,3155,16.1,754,3.8,448,2.3,435,2.2,1111,5.7,28,0.1,14529,74.2,323,1.6,1075,5.5,184,0.9,872,4.5,564,2.9,167,0.9,164,0.8,0,0.0,0,0.0,0,0.0,0,0.0,149,0.8,0,0.0,0,0.0,0,0.0,0,0.0,0,0.0,0,0.0,0,0.0,0,0.0,0,0.0,0,0.0,0,0.0,0,0.0,0,0.0
2009,4,10244,4299,42.0,5945,58.0,3905,38.1,5333,52.1,1006,9.8,7823,76.4,1140,11.1,339,3.3,208,2.0,119,1.2,577,5.6,16,0.2,6043,59.0,299,2.9,1014,9.9,189,1.8,532,5.2,385,3.8,162,1.6,160,1.6,0,0.0,0,0.0,0,0.0,0,0.0,170,1.7,0,0.0,0,0.0,0,0.0,0,0.0,0,0.0,0,0.0,0,0.0,0,0.0,0,0.0,0,0.0,0,0.0,0,0.0,0,0.0
2008,4,5655,2261,40.0,3394,60.0,1463,25.9,3097,54.8,1095,19.4,4372,77.3,700,12.4,132,2.3,62,1.1,77,1.4,301,5.3,6,0.1,2052,36.3,246,4.4,985,17.4,0,0.0,434,7.7,414,7.3,139,2.5,113,2.0,0,0.0,101,1.8,0,0.0,0,0.0,188,3.3,0,0.0,0,0.0,0,0.0,0,0.0,0,0.0,0,0.0,0,0.0,0,0.0,0,0.0,0,0.0,0,0.0,0,0.0,0,0.0
2007,4,8112,3425,42.2,4687,57.8,2657,32.8,4482,55.3,973,12.0,6180,76.2,1005,12.4,187,2.3,172,2.1,90,1.1,448,5.5,19,0.2,4076,50.2,322,4.0,991,12.2,161,2.0,617,7.6,571,7.0,178,2.2,0,0.0,115,1.4,0,0.0,0,0.0,0,0.0,107,1.3,0,0.0,0,0.0,0,0.0,0,0.0,0,0.0,0,0.0,0,0.0,0,0.0,0,0.0,0,0.0,0,0.0,0,0.0,0,0.0
2006,4,7438,3114,41.9,4324,58.1,3253,43.7,3626,48.7,559,7.5,5530,74.3,1086,14.6,304,4.1,48,0.6,82,1.1,358,4.8,10,0.1,4540,61.0,244,3.3,448,6.0,102,1.4,749,10.1,349,4.7,133,1.8,98,1.3,0,0.0,0,0.0,0,0.0,0,0.0,0,0.0,0,0.0,0,0.0,0,0.0,0,0.0,0,0.0,0,0.0,0,0.0,0,0.0,0,0.0,78,1.0,0,0.0,0,0.0,0,0.0
2005,4,3307,1363,41.2,1944,58.8,1042,31.5,1793,54.2,472,14.3,2661,80.5,406,12.3,39,1.2,25,0.8,16,0.5,148,4.5,1,0.0,1575,47.6,158,4.8,299,9.0,0,0.0,172,5.2,239,7.2,101,3.1,0,0.0,85,2.6,0,0.0,0,0.0,0,0.0,83,2.5,0,0.0,0,0.0,0,0.0,0,0.0,71,2.1,0,0.0,0,0.0,0,0.0,0,0.0,0,0.0,0,0.0,0,0.0,0,0.0
2004,4,15556,7118,45.8,8438,54.2,6546,42.1,8026,51.6,984,6.3,12022,77.3,2129,13.7,270,1.7,1,0.0,290,1.9,713,4.6,0,0.0,12779,82.1,151,1.0,452,2.9,165,1.1,487,3.1,403,2.6,107,0.7,0,0.0,0,0.0,0,0.0,0,0.0,0,0.0,105,0.7,0,0.0,108,0.7,0,0.0,0,0.0,0,0.0,0,0.0,0,0.0,0,0.0,0,0.0,0,0.0,0,0.0,0,0.0,0,0.0
,,,,,,,,,
2016,5,32782,15707,47.9,17075,52.1,4563,13.9,18726,57.1,9493,29.0,21303,65.0,6401,19.5,1484,4.5,1225,3.7,979,3.0,1230,3.8,87,0.3,9383,28.6,2407,7.3,4042,12.3,2374,7.2,1504,4.6,1486,4.5,1017,3.1,1250,3.8,0,0.0,0,0.0,0,0.0,0,0.0,0,0.0,0,0.0,0,0.0,875,2.7,0,0.0,0,0.0,0,0.0,0,0.0,0,0.0,0,0.0,0,0.0,0,0.0,0,0.0,0,0.0
2015,5,31078,13951,44.9,17127,55.1,4553,14.7,18001,57.9,8524,27.4,20525,66.0,5779,18.6,1304,4.2,1086,3.5,779,2.5,1432,4.6,92,0.3,9037,29.1,2250,7.2,3674,11.8,2034,6.5,2292,7.4,1664,5.4,957,3.1,1056,3.4,0,0.0,0,0.0,0,0.0,814,2.6,0,0.0,0,0.0,0,0.0,0,0.0,0,0.0,0,0.0,0,0.0,0,0.0,0,0.0,0,0.0,0,0.0,0,0.0,0,0.0,0,0.0
2014,5,27354,12227,44.7,15127,55.3,3914,14.3,15739,57.5,7701,28.2,18830,68.8,4575,16.7,1215,4.4,736,2.7,506,1.8,1292,4.7,79,0.3,8736,31.9,1898,6.9,2951,10.8,1728,6.3,1694,6.2,1739,6.4,764,2.8,948,3.5,0,0.0,750,2.7,0,0.0,0,0.0,0,0.0,0,0.0,0,0.0,0,0.0,0,0.0,0,0.0,0,0.0,0,0.0,0,0.0,0,0.0,0,0.0,0,0.0,0,0.0,0,0.0
2013,5,25206,11554,45.8,13652,54.2,3325,13.2,15006,59.5,6875,27.3,18109,71.8,3441,13.7,1173,4.7,654,2.6,427,1.7,1307,5.2,25,0.1,7961,31.6,1579,6.3,3475,13.8,1510,6.0,1068,4.2,1641,6.5,643,2.6,879,3.5,0,0.0,606,2.4,0,0.0,0,0.0,0,0.0,0,0.0,0,0.0,0,0.0,0,0.0,0,0.0,0,0.0,0,0.0,0,0.0,0,0.0,0,0.0,0,0.0,0,0.0,0,0.0
2012,5,21775,9421,43.3,12354,56.7,2948,13.5,13015,59.8,5812,26.7,15508,71.2,3000,13.8,977,4.5,573,2.6,351,1.6,1258,5.8,47,0.2,7187,33.0,1251,5.7,2901,13.3,937,4.3,1102,5.1,1383,6.4,531,2.4,841,3.9,0,0.0,644,3.0,0,0.0,0,0.0,0,0.0,0,0.0,0,0.0,0,0.0,0,0.0,0,0.0,0,0.0,0,0.0,0,0.0,0,0.0,0,0.0,0,0.0,0,0.0,0,0.0
2011,5,19803,8160,41.2,11643,58.8,3016,15.2,11663,58.9,5124,25.9,14330,72.4,2445,12.3,864,4.4,440,2.2,254,1.3,1396,7.0,25,0.1,7895,39.9,1182,6.0,3014,15.2,474,2.4,747,3.8,1349,6.8,0,0.0,408,2.1,0,0.0,454,2.3,0,0.0,0,0.0,443,2.2,0,0.0,0,0.0,0,0.0,0,0.0,0,0.0,0,0.0,0,0.0,0,0.0,0,0.0,0,0.0,0,0.0,0,0.0,0,0.0
2010,5,28849,12318,42.7,16531,57.3,4082,14.1,18471,64.0,6296,21.8,20921,72.5,3618,12.5,1214,4.2,749,2.6,500,1.7,1600,5.5,121,0.4,17470,60.6,1148,4.0,2556,8.9,401,1.4,841,2.9,1371,4.8,0,0.0,433,1.5,0,0.0,446,1.5,0,0.0,0,0.0,421,1.5,0,0.0,0,0.0,0,0.0,0,0.0,0,0.0,0,0.0,0,0.0,0,0.0,0,0.0,0,0.0,0,0.0,0,0.0,0,0.0
2009,5,16445,6430,39.1,10015,60.9,2394,14.6,10109,61.5,3942,24.0,12591,76.6,1617,9.8,664,4.0,309,1.9,149,0.9,1055,6.4,5,0.0,5728,34.8,999,6.1,2938,17.9,356,2.2,867,5.3,1349,8.2,0,0.0,0,0.0,355,2.2,402,2.4,0,0.0,0,0.0,397,2.4,0,0.0,0,0.0,0,0.0,0,0.0,0,0.0,0,0.0,0,0.0,0,0.0,0,0.0,0,0.0,0,0.0,0,0.0,0,0.0
2008,5,15988,6490,40.6,9498,59.4,2081,13.0,10090,63.1,3817,23.9,12829,80.2,1303,8.1,556,3.5,258,1.6,128,0.8,875,5.5,8,0.1,4816,30.1,1018,6.4,3655,22.9,344,2.2,765,4.8,1165,7.3,0,0.0,0,0.0,384,2.4,454,2.8,0,0.0,0,0.0,405,2.5,0,0.0,0,0.0,0,0.0,0,0.0,0,0.0,0,0.0,0,0.0,0,0.0,0,0.0,0,0.0,0,0.0,0,0.0,0,0.0
2007,5,12898,5190,40.2,7708,59.8,1690,13.1,7994,62.0,3214,24.9,10597,82.2,856,6.6,398,3.1,246,1.9,105,0.8,664,5.1,4,0.0,4296,33.3,798,6.2,2667,20.7,307,2.4,323,2.5,1246,9.7,0,0.0,0,0.0,300,2.3,328,2.5,0,0.0,0,0.0,352,2.7,0,0.0,0,0.0,0,0.0,0,0.0,0,0.0,0,0.0,0,0.0,0,0.0,0,0.0,0,0.0,0,0.0,0,0.0,0,0.0
2006,5,9992,3866,38.7,6126,61.3,1404,14.1,6112,61.2,2476,24.8,8332,83.4,621,6.2,309,3.1,85,0.9,31,0.3,534,5.3,34,0.3,3450,34.5,722,7.2,1408,14.1,0,0.0,282,2.8,1082,10.8,278,2.8,0,0.0,292,2.9,305,3.1,0,0.0,0,0.0,327,3.3,0,0.0,0,0.0,0,0.0,0,0.0,0,0.0,0,0.0,0,0.0,0,0.0,0,0.0,0,0.0,0,0.0,0,0.0,0,0.0
2005,5,9310,3675,39.5,5635,60.5,1307,14.0,5954,64.0,2049,22.0,7885,84.7,564,6.1,251,2.7,66,0.7,36,0.4,493,5.3,0,0.0,3455,37.1,553,5.9,1475,15.8,307,3.3,276,3.0,924,9.9,228,2.4,0,0.0,0,0.0,367,3.9,0,0.0,0,0.0,269,2.9,0,0.0,0,0.0,0,0.0,0,0.0,0,0.0,0,0.0,0,0.0,0,0.0,0,0.0,0,0.0,0,0.0,0,0.0,0,0.0
2004,5,16862,7083,42.0,9779,58.0,2657,15.8,11375,67.5,2830,16.8,13483,80.0,1660,9.8,562,3.3,69,0.4,326,1.9,704,4.2,1,0.0,11201,66.4,510,3.0,1218,7.2,284,1.7,224,1.3,1093,6.5,0,0.0,0,0.0,0,0.0,273,1.6,0,0.0,275,1.6,224,1.3,0,0.0,0,0.0,0,0.0,0,0.0,0,0.0,0,0.0,0,0.0,0,0.0,0,0.0,0,0.0,0,0.0,0,0.0,0,0.0
,,,,,,,,,
2015,6,35925,16671,46.4,19254,53.6,6997,19.5,20061,55.8,8867,24.7,25018,69.6,4911,13.7,1879,5.2,1466,4.1,1060,3.0,1339,3.7,173,0.5,13709,38.2,3226,9.0,2900,8.1,2998,8.3,1677,4.7,1783,5.0,802,2.2,860,2.4,0,0.0,771,2.1,0,0.0,0,0.0,0,0.0,0,0.0,0,0.0,0,0.0,0,0.0,0,0.0,0,0.0,0,0.0,0,0.0,0,0.0,0,0.0,0,0.0,0,0.0,0,0.0
2014,6,33023,14805,44.8,18218,55.2,6529,19.8,18583,56.3,7911,24.0,23250,70.4,4566,13.8,1789,5.4,1066,3.2,820,2.5,1362,4.1,94,0.3,12661,38.3,2843,8.6,3074,9.3,2412,7.3,1794,5.4,1674,5.1,682,2.1,0,0.0,0,0.0,801,2.4,0,0.0,0,0.0,0,0.0,0,0.0,0,0.0,695,2.1,0,0.0,0,0.0,0,0.0,0,0.0,0,0.0,0,0.0,0,0.0,0,0.0,0,0.0,0,0.0
2013,6,29374,12626,43.0,16748,57.0,5935,20.2,16739,57.0,6700,22.8,20964,71.4,4070,13.9,1535,5.2,828,2.8,465,1.6,1408,4.8,47,0.2,11384,38.8,2184,7.4,2728,9.3,2166,7.4,1867,6.4,1521,5.2,617,2.1,681,2.3,0,0.0,723,2.5,0,0.0,0,0.0,0,0.0,0,0.0,0,0.0,0,0.0,0,0.0,0,0.0,0,0.0,0,0.0,0,0.0,0,0.0,0,0.0,0,0.0,0,0.0,0,0.0
2012,6,25518,10570,41.4,14948,58.6,4642,18.2,15005,58.8,5871,23.0,18262,71.6,3319,13.0,1545,6.1,679,2.7,317,1.2,1275,5.0,44,0.2,10551,41.3,1658,6.5,2741,10.7,1235,4.8,1445,5.7,1398,5.5,603,2.4,531,2.1,0,0.0,640,2.5,0,0.0,0,0.0,0,0.0,0,0.0,0,0.0,0,0.0,0,0.0,0,0.0,0,0.0,0,0.0,0,0.0,0,0.0,0,0.0,0,0.0,0,0.0,0,0.0
2011,6,25230,10015,39.7,15215,60.3,4594,18.2,15123,59.9,5513,21.9,18203,72.1,3446,13.7,1312,5.2,623,2.5,314,1.2,1264,5.0,25,0.1,10392,41.2,1886,7.5,3191,12.6,699,2.8,1928,7.6,1489,5.9,0,0.0,406,1.6,0,0.0,556,2.2,0,0.0,0,0.0,451,1.8,0,0.0,0,0.0,0,0.0,0,0.0,0,0.0,0,0.0,0,0.0,0,0.0,0,0.0,0,0.0,0,0.0,0,0.0,0,0.0
2010,6,33757,14298,42.4,19459,57.6,6334,18.8,20995,62.2,6428,19.0,23742,70.3,4249,12.6,2166,6.4,944,2.8,784,2.3,1660,4.9,26,0.1,20844,61.7,1823,5.4,2407,7.1,650,1.9,1641,4.9,1290,3.8,0,0.0,375,1.1,0,0.0,453,1.3,0,0.0,333,1.0,0,0.0,0,0.0,0,0.0,0,0.0,0,0.0,0,0.0,0,0.0,0,0.0,0,0.0,0,0.0,0,0.0,0,0.0,0,0.0,0,0.0
2009,6,19316,7751,40.1,11565,59.9,3662,19.0,11568,59.9,4086,21.2,15235,78.9,1501,7.8,1079,5.6,401,2.1,191,1.0,875,4.5,1,0.0,8246,42.7,1249,6.5,2793,14.5,491,2.5,840,4.3,1358,7.0,0,0.0,0,0.0,373,1.9,439,2.3,0,0.0,0,0.0,354,1.8,0,0.0,0,0.0,0,0.0,0,0.0,0,0.0,0,0.0,0,0.0,0,0.0,0,0.0,0,0.0,0,0.0,0,0.0,0,0.0
2008,6,15860,6520,41.1,9340,58.9,2472,15.6,9668,61.0,3720,23.5,13256,83.6,904,5.7,725,4.6,255,1.6,78,0.5,603,3.8,7,0.0,5581,35.2,1464,9.2,2879,18.2,442,2.8,456,2.9,1175,7.4,0,0.0,0,0.0,335,2.1,424,2.7,0,0.0,0,0.0,325,2.0,0,0.0,0,0.0,0,0.0,0,0.0,0,0.0,0,0.0,0,0.0,0,0.0,0,0.0,0,0.0,0,0.0,0,0.0,0,0.0
2007,6,15157,6063,40.0,9094,60.0,2486,16.4,9380,61.9,3291,21.7,12827,84.6,839,5.5,591,3.9,233,1.5,116,0.8,520,3.4,9,0.1,5365,35.4,1379,9.1,2726,18.0,467,3.1,446,2.9,1188,7.8,0,0.0,0,0.0,347,2.3,450,3.0,0,0.0,0,0.0,313,2.1,0,0.0,0,0.0,0,0.0,0,0.0,0,0.0,0,0.0,0,0.0,0,0.0,0,0.0,0,0.0,0,0.0,0,0.0,0,0.0
2006,6,12946,4952,38.3,7994,61.7,2061,15.9,8026,62.0,2859,22.1,11085,85.6,689,5.3,458,3.5,98,0.8,73,0.6,520,4.0,1,0.0,4963,38.3,1223,9.4,1446,11.2,390,3.0,381,2.9,1260,9.7,0,0.0,0,0.0,278,2.1,482,3.7,0,0.0,0,0.0,285,2.2,0,0.0,0,0.0,0,0.0,0,0.0,0,0.0,0,0.0,0,0.0,0,0.0,0,0.0,0,0.0,0,0.0,0,0.0,0,0.0
2005,6,12620,4761,37.7,7859,62.3,2090,16.6,7814,61.9,2716,21.5,10998,87.1,600,4.8,377,3.0,111,0.9,45,0.4,469,3.7,11,0.1,5019,39.8,1150,9.1,1461,11.6,436,3.5,274,2.2,1193,9.5,274,2.2,0,0.0,0,0.0,488,3.9,0,0.0,0,0.0,385,3.1,0,0.0,0,0.0,0,0.0,0,0.0,0,0.0,0,0.0,0,0.0,0,0.0,0,0.0,0,0.0,0,0.0,0,0.0,0,0.0
2004,6,19298,8072,41.8,11226,58.2,3977,20.6,12503,64.8,2818,14.6,15965,82.7,1181,6.1,787,4.1,163,0.8,258,1.3,802,4.2,0,0.0,13252,68.7,672,3.5,1154,6.0,436,2.3,250,1.3,957,5.0,0,0.0,0,0.0,0,0.0,357,1.8,0,0.0,254,1.3,222,1.2,0,0.0,0,0.0,0,0.0,0,0.0,0,0.0,0,0.0,0,0.0,0,0.0,0,0.0,0,0.0,0,0.0,0,0.0,0,0.0
,,,,,,,,,
2015,7,44799,21850,48.8,22949,51.2,18723,41.8,21617,48.3,4459,10.0,27923,62.3,7447,16.6,3551,7.9,2047,4.6,1813,4.0,1893,4.2,53,0.1,27075,60.4,3193,7.1,1705,3.8,2069,4.6,1540,3.4,1194,2.7,611,1.4,527,1.2,0,0.0,0,0.0,0,0.0,0,0.0,0,0.0,818,1.8,0,0.0,0,0.0,0,0.0,0,0.0,0,0.0,0,0.0,0,0.0,0,0.0,0,0.0,0,0.0,0,0.0,0,0.0
2014,7,39581,18764,47.4,20817,52.6,16144,40.8,19694,49.8,3743,9.5,26099,65.9,5495,13.9,3205,8.1,1516,3.8,1508,3.8,1495,3.8,188,0.5,23811,60.2,2686,6.8,1411,3.6,1877,4.7,1274,3.2,1180,3.0,582,1.5,509,1.3,0,0.0,0,0.0,0,0.0,0,0.0,0,0.0,698,1.8,0,0.0,0,0.0,0,0.0,0,0.0,0,0.0,0,0.0,0,0.0,0,0.0,0,0.0,0,0.0,0,0.0,0,0.0
2013,7,36559,17331,47.4,19228,52.6,15430,42.2,17865,48.9,3264,8.9,25197,68.9,4816,13.2,2983,8.2,1082,3.0,830,2.3,1424,3.9,126,0.3,22471,61.5,2315,6.3,1582,4.3,1645,4.5,1177,3.2,953,2.6,531,1.5,656,1.8,0,0.0,0,0.0,0,0.0,0,0.0,0,0.0,524,1.4,0,0.0,0,0.0,0,0.0,0,0.0,0,0.0,0,0.0,0,0.0,0,0.0,0,0.0,0,0.0,0,0.0,0,0.0
2012,7,32823,15079,45.9,17744,54.1,13951,42.5,16308,49.7,2564,7.8,22397,68.2,4242,12.9,2859,8.7,1115,3.4,655,2.0,1373,4.2,95,0.3,20159,61.4,1777,5.4,1512,4.6,1255,3.8,1278,3.9,975,3.0,439,1.3,542,1.7,0,0.0,0,0.0,0,0.0,0,0.0,0,0.0,508,1.5,0,0.0,0,0.0,0,0.0,0,0.0,0,0.0,0,0.0,0,0.0,0,0.0,0,0.0,0,0.0,0,0.0,0,0.0
2011,7,30838,13673,44.3,17165,55.7,12138,39.4,16094,52.2,2606,8.5,22417,72.7,3013,9.8,2661,8.6,1050,3.4,525,1.7,1093,3.5,28,0.1,20444,66.3,1699,5.5,1617,5.2,678,2.2,667,2.2,1013,3.3,0,0.0,356,1.2,0,0.0,309,1.0,0,0.0,0,0.0,0,0.0,418,1.4,0,0.0,0,0.0,0,0.0,0,0.0,0,0.0,0,0.0,0,0.0,0,0.0,0,0.0,0,0.0,0,0.0,0,0.0
2010,7,42472,19896,46.8,22576,53.2,17089,40.2,21717,51.1,3666,8.6,29384,69.2,5314,12.5,3289,7.7,1129,2.7,1035,2.4,2132,5.0,114,0.3,30968,72.9,1945,4.6,1606,3.8,652,1.5,839,2.0,1205,2.8,0,0.0,0,0.0,0,0.0,283,0.7,0,0.0,272,0.6,0,0.0,626,1.5,0,0.0,0,0.0,0,0.0,0,0.0,0,0.0,0,0.0,0,0.0,0,0.0,0,0.0,0,0.0,0,0.0,0,0.0
2009,7,26212,11366,43.4,14846,56.6,11407,43.5,12982,49.5,1823,7.0,19774,75.4,2097,8.0,2210,8.4,514,2.0,402,1.5,1099,4.2,2,0.0,17262,65.9,1307,5.0,1646,6.3,475,1.8,464,1.8,993,3.8,286,1.1,345,1.3,0,0.0,0,0.0,0,0.0,0,0.0,0,0.0,354,1.4,0,0.0,0,0.0,0,0.0,0,0.0,0,0.0,0,0.0,0,0.0,0,0.0,0,0.0,0,0.0,0,0.0,0,0.0
2008,7,20989,9443,45.0,11546,55.0,8912,42.5,10556,50.3,1521,7.2,15892,75.7,1577,7.5,1708,8.1,556,2.6,339,1.6,888,4.2,1,0.0,12729,60.6,1464,7.0,1749,8.3,415,2.0,395,1.9,838,4.0,0,0.0,0,0.0,0,0.0,222,1.1,0,0.0,0,0.0,0,0.0,215,1.0,0,0.0,0,0.0,0,0.0,0,0.0,259,1.2,0,0.0,0,0.0,0,0.0,0,0.0,0,0.0,0,0.0,0,0.0
2007,7,20108,8839,44.0,11269,56.0,9047,45.0,9607,47.8,1454,7.2,15466,76.9,1499,7.5,1460,7.3,502,2.5,253,1.3,826,4.1,76,0.4,12145,60.4,1496,7.4,1477,7.3,438,2.2,438,2.2,869,4.3,0,0.0,0,0.0,0,0.0,0,0.0,0,0.0,0,0.0,0,0.0,277,1.4,303,1.5,0,0.0,0,0.0,0,0.0,0,0.0,0,0.0,0,0.0,0,0.0,0,0.0,226,1.1,0,0.0,0,0.0
2006,7,18560,8140,43.9,10420,56.1,8540,46.0,8889,47.9,1131,6.1,14601,78.7,1284,6.9,1402,7.6,292,1.6,208,1.1,707,3.8,30,0.2,12037,64.9,1274,6.9,823,4.4,434,2.3,450,2.4,1015,5.5,0,0.0,0,0.0,0,0.0,210,1.1,0,0.0,0,0.0,0,0.0,0,0.0,246,1.3,0,0.0,0,0.0,0,0.0,0,0.0,0,0.0,210,1.1,0,0.0,0,0.0,0,0.0,0,0.0,0,0.0
2005,7,18807,8127,43.2,10680,56.8,8371,44.5,9232,49.1,1204,6.4,15696,83.5,962,5.1,990,5.3,277,1.5,171,0.9,612,3.3,49,0.3,12855,68.4,1108,5.9,720,3.8,474,2.5,317,1.7,880,4.7,0,0.0,0,0.0,0,0.0,191,1.0,0,0.0,0,0.0,0,0.0,0,0.0,266,1.4,0,0.0,0,0.0,0,0.0,0,0.0,0,0.0,219,1.2,0,0.0,0,0.0,0,0.0,0,0.0,0,0.0
2004,7,31896,14798,46.4,17098,53.6,15290,47.9,14847,46.5,1759,5.5,24790,77.7,2946,9.2,1888,5.9,395,1.2,364,1.1,1382,4.3,0,0.0,25776,80.8,953,3.0,765,2.4,433,1.4,401,1.3,986,3.1,187,0.6,0,0.0,0,0.0,223,0.7,0,0.0,0,0.0,0,0.0,0,0.0,294,0.9,0,0.0,0,0.0,0,0.0,0,0.0,0,0.0,0,0.0,0,0.0,0,0.0,0,0.0,0,0.0,0,0.0
,,,,,,,,,
2015,8,54796,25725,46.9,29071,53.1,20810,38.0,30779,56.2,3207,5.9,33759,61.6,9207,16.8,4463,8.1,2965,5.4,2585,4.7,1493,2.7,188,0.3,33223,60.6,7963,14.5,2236,4.1,774,1.4,2235,4.1,1582,2.9,599,1.1,473,0.9,0,0.0,0,0.0,0,0.0,0,0.0,0,0.0,763,1.4,0,0.0,0,0.0,0,0.0,0,0.0,0,0.0,0,0.0,0,0.0,0,0.0,0,0.0,0,0.0,0,0.0,0,0.0
2014,8,51219,23753,46.4,27466,53.6,18939,37.0,29306,57.2,2974,5.8,33979,66.3,7334,14.3,3957,7.7,2126,4.2,2019,3.9,1490,2.9,87,0.2,31295,61.1,7732,15.1,1971,3.8,798,1.6,2212,4.3,1137,2.2,458,0.9,0,0.0,0,0.0,0,0.0,455,0.9,0,0.0,0,0.0,728,1.4,0,0.0,0,0.0,0,0.0,0,0.0,0,0.0,0,0.0,0,0.0,0,0.0,0,0.0,0,0.0,0,0.0,0,0.0
2013,8,46728,21393,45.8,25335,54.2,16900,36.2,27288,58.4,2540,5.4,31606,67.6,6402,13.7,3880,8.3,1847,4.0,1190,2.5,1658,3.5,96,0.2,29794,63.8,5717,12.2,1854,4.0,616,1.3,2083,4.5,1070,2.3,460,1.0,491,1.1,0,0.0,0,0.0,0,0.0,0,0.0,0,0.0,573,1.2,0,0.0,0,0.0,0,0.0,0,0.0,0,0.0,0,0.0,0,0.0,0,0.0,0,0.0,0,0.0,0,0.0,0,0.0
2012,8,41096,17920,43.6,23176,56.4,14972,36.4,24066,58.6,2058,5.0,27793,67.6,5073,12.3,3860,9.4,1673,4.1,1095,2.7,1390,3.4,120,0.3,25571,62.2,4688,11.4,1736,4.2,562,1.4,1833,4.5,1042,2.5,423,1.0,464,1.1,0,0.0,0,0.0,0,0.0,0,0.0,0,0.0,562,1.4,0,0.0,0,0.0,0,0.0,0,0.0,0,0.0,0,0.0,0,0.0,0,0.0,0,0.0,0,0.0,0,0.0,0,0.0
2011,8,41488,17823,43.0,23665,57.0,14767,35.6,24702,59.5,2019,4.9,29795,71.8,4424,10.7,3501,8.4,1464,3.5,749,1.8,1437,3.5,47,0.1,26874,64.8,4472,10.8,1862,4.5,499,1.2,1480,3.6,1115,2.7,0,0.0,355,0.9,0,0.0,0,0.0,0,0.0,0,0.0,0,0.0,420,1.0,0,0.0,0,0.0,0,0.0,0,0.0,334,0.8,0,0.0,0,0.0,0,0.0,0,0.0,0,0.0,0,0.0,0,0.0
2010,8,61543,27552,44.8,33991,55.2,25890,42.1,32855,53.4,2798,4.5,38937,63.3,7541,12.3,5989,9.7,1961,3.2,1858,3.0,3764,6.1,1346,2.2,46438,75.5,5840,9.5,1656,2.7,261,0.4,1235,2.0,1596,2.6,247,0.4,271,0.4,0,0.0,0,0.0,0,0.0,0,0.0,0,0.0,425,0.7,0,0.0,0,0.0,0,0.0,0,0.0,0,0.0,0,0.0,0,0.0,0,0.0,0,0.0,0,0.0,0,0.0,0,0.0
2009,8,35100,14708,41.9,20392,58.1,13523,38.5,20197,57.5,1380,3.9,26948,76.8,2591,7.4,2661,7.6,1042,3.0,583,1.7,1164,3.3,14,0.0,23241,66.2,4662,13.3,1739,5.0,253,0.7,841,2.4,963,2.7,0,0.0,0,0.0,0,0.0,255,0.7,0,0.0,0,0.0,251,0.7,365,1.0,0,0.0,0,0.0,0,0.0,0,0.0,0,0.0,0,0.0,0,0.0,0,0.0,0,0.0,0,0.0,0,0.0,0,0.0
2008,8,29747,12356,41.5,17391,58.5,11675,39.2,16881,56.7,1191,4.0,22941,77.1,2351,7.9,2195,7.4,734,2.5,339,1.1,1058,3.6,21,0.1,18393,61.8,4800,16.1,1586,5.3,0,0.0,894,3.0,884,3.0,192,0.6,0,0.0,0,0.0,212,0.7,0,0.0,0,0.0,0,0.0,341,1.1,198,0.7,0,0.0,0,0.0,0,0.0,0,0.0,0,0.0,0,0.0,0,0.0,0,0.0,0,0.0,0,0.0,0,0.0
2007,8,27140,11324,41.7,15816,58.3,10612,39.1,15420,56.8,1108,4.1,21511,79.3,1885,6.9,1844,6.8,836,3.1,269,1.0,709,2.6,30,0.1,16235,59.8,4598,16.9,1590,5.9,204,0.8,848,3.1,942,3.5,0,0.0,0,0.0,0,0.0,211,0.8,0,0.0,0,0.0,222,0.8,232,0.9,0,0.0,0,0.0,0,0.0,0,0.0,0,0.0,0,0.0,0,0.0,0,0.0,0,0.0,0,0.0,0,0.0,0,0.0
2006,8,25968,10738,41.4,15230,58.6,10717,41.3,14370,55.3,881,3.4,21280,81.9,1416,5.5,1596,6.1,675,2.6,242,0.9,685,2.6,8,0.0,15624,60.2,5022,19.3,1070,4.1,0,0.0,604,2.3,1014,3.9,0,0.0,0,0.0,0,0.0,216,0.8,0,0.0,0,0.0,206,0.8,0,0.0,212,0.8,0,0.0,0,0.0,0,0.0,0,0.0,0,0.0,0,0.0,0,0.0,0,0.0,0,0.0,207,0.8,0,0.0
2005,8,24820,10358,41.7,14462,58.3,9676,39.0,14343,57.8,801,3.2,20864,84.1,1521,6.1,1274,5.1,297,1.2,135,0.5,638,2.6,27,0.1,17015,68.6,3115,12.6,908,3.7,0,0.0,560,2.3,886,3.6,191,0.8,0,0.0,0,0.0,184,0.7,0,0.0,0,0.0,187,0.8,0,0.0,260,1.0,0,0.0,0,0.0,0,0.0,0,0.0,0,0.0,0,0.0,0,0.0,0,0.0,0,0.0,0,0.0,0,0.0
2004,8,45605,20589,45.1,25016,54.9,22590,49.5,21717,47.6,1298,2.8,31267,68.6,3426,7.5,2000,4.4,3641,8.0,1045,2.3,3830,8.4,247,0.5,36859,80.8,4055,8.9,889,1.9,124,0.3,712,1.6,1066,2.3,170,0.4,0,0.0,0,0.0,0,0.0,0,0.0,0,0.0,144,0.3,0,0.0,189,0.4,0,0.0,0,0.0,0,0.0,0,0.0,0,0.0,0,0.0,0,0.0,0,0.0,0,0.0,0,0.0,0,0.0
,,,,,,,,,
2015,9,37433,18482,49.4,18951,50.6,8206,21.9,20950,56.0,8277,22.1,24609,65.7,6440,17.2,2161,5.8,1837,4.9,1265,3.4,968,2.6,90,0.2,15367,41.1,2820,7.5,3220,8.6,1947,5.2,1671,4.5,1497,4.0,990,2.6,1053,2.8,0,0.0,0,0.0,0,0.0,0,0.0,0,0.0,873,2.3,0,0.0,0,0.0,0,0.0,0,0.0,0,0.0,0,0.0,0,0.0,0,0.0,0,0.0,0,0.0,0,0.0,0,0.0
2014,9,34458,16486,47.8,17972,52.2,7608,22.1,19421,56.4,7429,21.6,23669,68.7,5407,15.7,1918,5.6,1359,3.9,962,2.8,975,2.8,96,0.3,14744,42.8,2442,7.1,3025,8.8,1647,4.8,1484,4.3,1445,4.2,785,2.3,1045,3.0,0,0.0,0,0.0,0,0.0,762,2.2,0,0.0,0,0.0,0,0.0,0,0.0,0,0.0,0,0.0,0,0.0,0,0.0,0,0.0,0,0.0,0,0.0,0,0.0,0,0.0,0,0.0
2013,9,30896,14517,47.0,16379,53.0,7009,22.7,17793,57.6,6094,19.7,22137,71.7,4119,13.3,1813,5.9,1078,3.5,570,1.8,1064,3.4,48,0.2,14547,47.1,1846,6.0,2614,8.5,1378,4.5,1269,4.1,1225,4.0,738,2.4,1038,3.4,0,0.0,0,0.0,0,0.0,0,0.0,0,0.0,0,0.0,0,0.0,566,1.8,0,0.0,0,0.0,0,0.0,0,0.0,0,0.0,0,0.0,0,0.0,0,0.0,0,0.0,0,0.0
2012,9,27322,12465,45.6,14857,54.4,6327,23.2,15729,57.6,5266,19.3,19884,72.8,3354,12.3,1753,6.4,984,3.6,410,1.5,849,3.1,36,0.1,12240,44.8,1389,5.1,2698,9.9,1008,3.7,1265,4.6,1418,5.2,797,2.9,782,2.9,455,1.7,0,0.0,0,0.0,0,0.0,0,0.0,0,0.0,0,0.0,0,0.0,0,0.0,0,0.0,0,0.0,0,0.0,0,0.0,0,0.0,0,0.0,0,0.0,0,0.0,0,0.0
2011,9,26022,11477,44.1,14545,55.9,6252,24.0,15090,58.0,4680,18.0,19111,73.4,3085,11.9,1676,6.4,857,3.3,342,1.3,860,3.3,38,0.1,12703,48.8,1506,5.8,3055,11.7,0,0.0,982,3.8,1400,5.4,497,1.9,640,2.5,424,1.6,372,1.4,0,0.0,0,0.0,0,0.0,0,0.0,0,0.0,0,0.0,0,0.0,0,0.0,0,0.0,0,0.0,0,0.0,0,0.0,0,0.0,0,0.0,0,0.0,0,0.0
2010,9,36870,16703,45.3,20167,54.7,9224,25.0,21839,59.2,5807,15.7,27593,74.8,3890,10.6,2284,6.2,962,2.6,563,1.5,1497,4.1,33,0.1,24155,65.5,1765,4.8,2524,6.8,394,1.1,878,2.4,1407,3.8,364,1.0,480,1.3,0,0.0,0,0.0,0,0.0,0,0.0,0,0.0,425,1.2,0,0.0,0,0.0,0,0.0,0,0.0,0,0.0,0,0.0,0,0.0,0,0.0,0,0.0,0,0.0,0,0.0,0,0.0
2009,9,20465,8579,41.9,11886,58.1,5376,26.3,11787,57.6,3302,16.1,16310,79.7,1486,7.3,1286,6.3,501,2.4,180,0.9,644,3.1,13,0.1,10360,50.6,1101,5.4,2536,12.4,319,1.6,534,2.6,1205,5.9,0,0.0,0,0.0,384,1.9,0,0.0,0,0.0,0,0.0,318,1.6,0,0.0,331,1.6,0,0.0,0,0.0,0,0.0,0,0.0,0,0.0,0,0.0,0,0.0,0,0.0,0,0.0,0,0.0,0,0.0
2008,9,17298,7218,41.7,10080,58.3,4324,25.0,10012,57.9,2962,17.1,14071,81.3,1159,6.7,893,5.2,396,2.3,182,1.1,554,3.2,16,0.1,8062,46.6,1081,6.2,2533,14.6,0,0.0,480,2.8,989,5.7,268,1.5,317,1.8,296,1.7,0,0.0,0,0.0,0,0.0,268,1.5,0,0.0,0,0.0,0,0.0,0,0.0,0,0.0,0,0.0,0,0.0,0,0.0,0,0.0,0,0.0,0,0.0,0,0.0,0,0.0
2007,9,15189,6436,42.4,8753,57.6,3893,25.6,8777,57.8,2519,16.6,12540,82.6,993,6.5,694,4.6,331,2.2,108,0.7,459,3.0,30,0.2,6767,44.6,1052,6.9,2285,15.0,251,1.7,512,3.4,1080,7.1,0,0.0,0,0.0,310,2.0,231,1.5,0,0.0,0,0.0,248,1.6,0,0.0,0,0.0,0,0.0,0,0.0,0,0.0,0,0.0,0,0.0,0,0.0,0,0.0,0,0.0,0,0.0,0,0.0,0,0.0
2006,9,13451,5644,42.0,7807,58.0,3737,27.8,7550,56.1,2164,16.1,11439,85.0,685,5.1,717,5.3,221,1.6,52,0.4,306,2.3,24,0.2,6363,47.3,1013,7.5,1616,12.0,236,1.8,469,3.5,1046,7.8,254,1.9,0,0.0,0,0.0,217,1.6,0,0.0,0,0.0,0,0.0,0,0.0,271,2.0,0,0.0,0,0.0,0,0.0,0,0.0,0,0.0,0,0.0,0,0.0,0,0.0,0,0.0,0,0.0,0,0.0
2005,9,12168,5013,41.2,7155,58.8,3650,30.0,6905,56.7,1613,13.3,10543,86.6,578,4.8,489,4.0,145,1.2,75,0.6,304,2.5,9,0.1,6464,53.1,863,7.1,1207,9.9,242,2.0,361,3.0,822,6.8,257,2.1,0,0.0,192,1.6,187,1.5,0,0.0,0,0.0,0,0.0,0,0.0,0,0.0,0,0.0,0,0.0,0,0.0,0,0.0,0,0.0,0,0.0,0,0.0,0,0.0,0,0.0,0,0.0,0,0.0
2004,9,22753,10015,44.0,12738,56.0,7565,33.2,12853,56.5,2335,10.3,18916,83.1,1766,7.8,646,2.8,228,1.0,324,1.4,777,3.4,10,0.0,16629,73.1,858,3.8,1192,5.2,228,1.0,534,2.3,945,4.2,220,1.0,0,0.0,0,0.0,207,0.9,0,0.0,0,0.0,195,0.9,0,0.0,0,0.0,0,0.0,0,0.0,0,0.0,0,0.0,0,0.0,0,0.0,0,0.0,0,0.0,0,0.0,0,0.0,0,0.0
,,,,,,,,,
2015,10,25574,12222,47.8,13352,52.2,4746,18.6,14516,56.8,6312,24.7,18452,72.2,3636,14.2,1207,4.7,844,3.3,580,2.3,736,2.9,59,0.2,8030,31.4,1363,5.3,2682,10.5,2454,9.6,789,3.1,1262,4.9,744,2.9,0,0.0,1009,3.9,0,0.0,0,0.0,0,0.0,0,0.0,0,0.0,0,0.0,755,3.0,0,0.0,0,0.0,0,0.0,0,0.0,0,0.0,0,0.0,0,0.0,0,0.0,0,0.0,0,0.0
2014,10,23206,10959,47.2,12247,52.8,4951,21.3,12658,54.5,5597,24.1,16676,71.9,2827,12.2,1880,8.1,639,2.8,487,2.1,580,2.5,51,0.2,8808,38.0,1141,4.9,1787,7.7,1947,8.4,678,2.9,1239,5.3,0,0.0,0,0.0,815,3.5,0,0.0,627,2.7,0,0.0,0,0.0,0,0.0,0,0.0,783,3.4,0,0.0,0,0.0,0,0.0,0,0.0,0,0.0,0,0.0,0,0.0,0,0.0,0,0.0,0,0.0
2013,10,19608,8986,45.8,10622,54.2,3574,18.2,11352,57.9,4682,23.9,14890,75.9,2156,11.0,987,5.0,540,2.8,244,1.2,728,3.7,27,0.1,6584,33.6,1032,5.3,1887,9.6,1646,8.4,598,3.0,1117,5.7,632,3.2,0,0.0,851,4.3,0,0.0,0,0.0,0,0.0,0,0.0,0,0.0,0,0.0,691,3.5,0,0.0,0,0.0,0,0.0,0,0.0,0,0.0,0,0.0,0,0.0,0,0.0,0,0.0,0,0.0
2012,10,18092,7680,42.4,10412,57.6,3493,19.3,10597,58.6,4002,22.1,13602,75.2,2265,12.5,859,4.7,465,2.6,223,1.2,634,3.5,17,0.1,6735,37.2,695,3.8,1986,11.0,1255,6.9,919,5.1,931,5.1,476,2.6,0,0.0,641,3.5,0,0.0,0,0.0,0,0.0,0,0.0,0,0.0,0,0.0,416,2.3,0,0.0,0,0.0,0,0.0,0,0.0,0,0.0,0,0.0,0,0.0,0,0.0,0,0.0,0,0.0
2011,10,16243,6807,41.9,9436,58.1,3324,20.5,9602,59.1,3317,20.4,12136,74.7,1948,12.0,780,4.8,403,2.5,186,1.1,740,4.6,4,0.0,6989,43.0,663,4.1,1658,10.2,474,2.9,768,4.7,1010,6.2,328,2.0,0,0.0,504,3.1,0,0.0,0,0.0,347,2.1,0,0.0,0,0.0,0,0.0,0,0.0,0,0.0,0,0.0,0,0.0,0,0.0,0,0.0,0,0.0,0,0.0,0,0.0,0,0.0,0,0.0
2010,10,26600,11821,44.4,14779,55.6,5206,19.6,16869,63.4,4525,17.0,19583,73.6,3075,11.6,1236,4.6,779,2.9,615,2.3,1198,4.5,79,0.3,17694,66.5,770,2.9,1644,6.2,451,1.7,651,2.4,1081,4.1,243,0.9,0,0.0,378,1.4,0,0.0,0,0.0,306,1.2,0,0.0,0,0.0,0,0.0,0,0.0,0,0.0,0,0.0,0,0.0,0,0.0,0,0.0,0,0.0,0,0.0,0,0.0,0,0.0,0,0.0
2009,10,11730,4742,40.4,6988,59.6,2201,18.8,7111,60.6,2418,20.6,9356,79.8,942,8.0,547,4.7,220,1.9,106,0.9,531,4.5,6,0.1,4671,39.8,448,3.8,1572,13.4,287,2.4,439,3.7,927,7.9,224,1.9,0,0.0,446,3.8,0,0.0,0,0.0,0,0.0,0,0.0,0,0.0,0,0.0,222,1.9,0,0.0,0,0.0,0,0.0,0,0.0,0,0.0,0,0.0,0,0.0,0,0.0,0,0.0,0,0.0
2008,10,9881,4109,41.6,5772,58.4,1933,19.6,5878,59.5,2070,20.9,8279,83.8,514,5.2,367,3.7,175,1.8,190,1.9,335,3.4,2,0.0,3457,35.0,431,4.4,1619,16.4,285,2.9,0,0.0,846,8.6,0,0.0,0,0.0,371,3.8,0,0.0,0,0.0,0,0.0,189,1.9,0,0.0,0,0.0,219,2.2,0,0.0,232,2.3,0,0.0,0,0.0,0,0.0,0,0.0,0,0.0,0,0.0,0,0.0,0,0.0
2007,10,9434,3805,40.3,5629,59.7,1989,21.1,5586,59.2,1859,19.7,7994,84.7,540,5.7,373,4.0,119,1.3,37,0.4,358,3.8,6,0.1,3330,35.3,434,4.6,1566,16.6,0,0.0,319,3.4,837,8.9,239,2.5,0,0.0,382,4.0,0,0.0,0,0.0,207,2.2,0,0.0,0,0.0,0,0.0,0,0.0,0,0.0,247,2.6,0,0.0,0,0.0,0,0.0,0,0.0,0,0.0,0,0.0,0,0.0,0,0.0
2006,10,7661,3083,40.2,4578,59.8,1573,20.5,4647,60.7,1441,18.8,6530,85.2,413,5.4,296,3.9,101,1.3,55,0.7,252,3.3,4,0.1,2861,37.3,344,4.5,953,12.4,261,3.4,242,3.2,758,9.9,0,0.0,0,0.0,369,4.8,0,0.0,0,0.0,168,2.2,0,0.0,0,0.0,193,2.5,0,0.0,0,0.0,0,0.0,0,0.0,0,0.0,0,0.0,0,0.0,0,0.0,0,0.0,0,0.0,0,0.0
2005,10,6873,2731,39.7,4142,60.3,1548,22.5,4064,59.1,1261,18.3,5979,87.0,396,5.8,208,3.0,44,0.6,25,0.4,206,3.0,4,0.1,2663,38.7,276,4.0,727,10.6,224,3.3,299,4.4,740,10.8,179,2.6,0,0.0,369,5.4,0,0.0,0,0.0,206,3.0,0,0.0,0,0.0,0,0.0,0,0.0,0,0.0,0,0.0,0,0.0,0,0.0,0,0.0,0,0.0,0,0.0,0,0.0,0,0.0,0,0.0
2004,10,14556,6219,42.7,8337,57.3,3933,27.0,8975,61.7,1648,11.3,11964,82.2,1148,7.9,440,3.0,179,1.2,107,0.7,684,4.7,2,0.0,9844,67.6,335,2.3,842,5.8,215,1.5,418,2.9,787,5.4,0,0.0,0,0.0,219,1.5,0,0.0,0,0.0,263,1.8,0,0.0,0,0.0,0,0.0,0,0.0,0,0.0,0,0.0,237,1.6,0,0.0,0,0.0,0,0.0,0,0.0,0,0.0,0,0.0,0,0.0
,,,,,,,,,
2015,11,5229,2124,40.6,3105,59.4,1329,25.4,3179,60.8,721,13.8,3766,72.0,565,10.8,263,5.0,210,4.0,167,3.2,219,4.2,12,0.2,2071,39.6,279,5.3,318,6.1,358,6.8,184,3.5,231,4.4,0,0.0,0,0.0,157,3.0,0,0.0,315,6.0,0,0.0,0,0.0,0,0.0,0,0.0,149,2.8,0,0.0,0,0.0,0,0.0,0,0.0,0,0.0,0,0.0,0,0.0,0,0.0,0,0.0,0,0.0
2014,11,4803,1910,39.8,2893,60.2,1126,23.4,2979,62.0,698,14.5,3528,73.5,556,11.6,272,5.7,133,2.8,116,2.4,146,3.0,9,0.2,1922,40.0,219,4.6,325,6.8,316,6.6,192,4.0,237,4.9,0,0.0,0,0.0,163,3.4,0,0.0,320,6.7,0,0.0,0,0.0,0,0.0,0,0.0,146,3.0,0,0.0,0,0.0,0,0.0,0,0.0,0,0.0,0,0.0,0,0.0,0,0.0,0,0.0,0,0.0
2013,11,4900,1960,40.0,2940,60.0,1377,28.1,2852,58.2,671,13.7,3673,75.0,409,8.3,242,4.9,120,2.4,66,1.3,349,7.1,9,0.2,2288,46.7,192,3.9,254,5.2,276,5.6,0,0.0,213,4.3,120,2.4,0,0.0,122,2.5,0,0.0,317,6.5,0,0.0,0,0.0,0,0.0,0,0.0,133,2.7,0,0.0,0,0.0,0,0.0,0,0.0,0,0.0,0,0.0,0,0.0,0,0.0,0,0.0,0,0.0
2012,11,4173,1526,36.6,2647,63.4,1051,25.2,2638,63.2,484,11.6,3021,72.4,506,12.1,208,5.0,161,3.9,44,1.1,211,5.1,8,0.2,1855,44.5,184,4.4,243,5.8,241,5.8,241,5.8,198,4.7,90,2.2,0,0.0,118,2.8,0,0.0,207,5.0,0,0.0,0,0.0,0,0.0,0,0.0,0,0.0,0,0.0,0,0.0,0,0.0,0,0.0,0,0.0,0,0.0,0,0.0,0,0.0,0,0.0,0,0.0
2011,11,3597,1346,37.4,2251,62.6,991,27.6,2154,59.9,452,12.6,2712,75.4,346,9.6,157,4.4,110,3.1,42,1.2,208,5.8,9,0.3,1862,51.8,126,3.5,251,7.0,103,2.9,106,2.9,152,4.2,0,0.0,0,0.0,81,2.3,0,0.0,143,4.0,0,0.0,0,0.0,0,0.0,82,2.3,0,0.0,0,0.0,0,0.0,0,0.0,0,0.0,0,0.0,0,0.0,0,0.0,0,0.0,0,0.0,0,0.0
2010,11,8076,3597,44.5,4479,55.5,1645,20.4,5360,66.4,1071,13.3,5515,68.3,1140,14.1,391,4.8,287,3.6,178,2.2,489,6.1,19,0.2,6053,75.0,155,1.9,246,3.0,108,1.3,135,1.7,295,3.7,0,0.0,0,0.0,0,0.0,0,0.0,124,1.5,80,1.0,0,0.0,0,0.0,63,0.8,0,0.0,0,0.0,0,0.0,0,0.0,0,0.0,0,0.0,0,0.0,0,0.0,0,0.0,0,0.0,0,0.0
2009,11,2352,770,32.7,1582,67.3,582,24.7,1479,62.9,291,12.4,1959,83.3,139,5.9,77,3.3,59,2.5,21,0.9,79,3.4,7,0.3,1067,45.4,104,4.4,198,8.4,89,3.8,0,0.0,159,6.8,0,0.0,0,0.0,84,3.6,0,0.0,85,3.6,45,1.9,0,0.0,0,0.0,0,0.0,47,2.0,0,0.0,0,0.0,0,0.0,0,0.0,0,0.0,0,0.0,0,0.0,0,0.0,0,0.0,0,0.0
2008,11,2301,766,33.3,1535,66.7,634,27.6,1382,60.1,285,12.4,1864,81.0,152,6.6,78,3.4,56,2.4,27,1.2,116,5.0,3,0.1,1036,45.0,80,3.5,188,8.2,78,3.4,71,3.1,178,7.7,0,0.0,0,0.0,91,4.0,0,0.0,65,2.8,0,0.0,0,0.0,0,0.0,0,0.0,62,2.7,0,0.0,0,0.0,0,0.0,0,0.0,0,0.0,0,0.0,0,0.0,0,0.0,0,0.0,0,0.0
2007,11,2496,959,38.4,1537,61.6,712,28.5,1514,60.7,270,10.8,1942,77.8,217,8.7,102,4.1,82,3.3,55,2.2,96,3.8,0,0.0,1131,45.3,91,3.6,185,7.4,99,4.0,236,9.5,159,6.4,0,0.0,0,0.0,81,3.2,0,0.0,0,0.0,65,2.6,0,0.0,0,0.0,0,0.0,58,2.3,0,0.0,0,0.0,0,0.0,0,0.0,0,0.0,0,0.0,0,0.0,0,0.0,0,0.0,0,0.0
2006,11,1755,588,33.5,1167,66.5,452,25.8,1090,62.1,213,12.1,1454,82.8,62,3.5,101,5.8,34,1.9,30,1.7,72,4.1,0,0.0,849,48.4,91,5.2,144,8.2,50,2.8,0,0.0,153,8.7,0,0.0,0,0.0,60,3.4,0,0.0,0,0.0,58,3.3,0,0.0,0,0.0,0,0.0,55,3.1,0,0.0,28,1.6,0,0.0,0,0.0,0,0.0,0,0.0,0,0.0,0,0.0,0,0.0,0,0.0
2005,11,1396,463,33.2,933,66.8,344,24.6,908,65.0,144,10.3,1167,83.6,47,3.4,37,2.7,5,0.4,44,3.2,82,5.9,0,0.0,661,47.3,73,5.2,110,7.9,42,3.0,0,0.0,122,8.7,39,2.8,0,0.0,51,3.7,0,0.0,0,0.0,41,2.9,0,0.0,0,0.0,0,0.0,39,2.8,0,0.0,0,0.0,0,0.0,0,0.0,0,0.0,0,0.0,0,0.0,0,0.0,0,0.0,0,0.0
2004,11,4410,1956,44.4,2454,55.6,984,22.3,3056,69.3,370,8.4,3512,79.6,379,8.6,158,3.6,69,1.6,98,2.2,180,4.1,8,0.2,3301,74.9,0,0.0,95,2.2,54,1.2,73,1.7,191,4.3,39,0.9,0,0.0,58,1.3,0,0.0,0,0.0,59,1.3,0,0.0,0,0.0,0,0.0,0,0.0,0,0.0,0,0.0,0,0.0,0,0.0,0,0.0,0,0.0,0,0.0,0,0.0,0,0.0,194,4.4
,,,,,,,,,
2015,12,2062,694,33.7,1368,66.3,581,28.2,1318,63.9,163,7.9,1328,64.4,322,15.6,128,6.2,59,2.9,106,5.1,90,4.4,13,0.6,1096,53.2,111,5.4,83,4.0,60,2.9,105,5.1,73,3.5,0,0.0,0,0.0,0,0.0,0,0.0,117,5.7,41,2.0,0,0.0,0,0.0,0,0.0,0,0.0,37,1.8,0,0.0,0,0.0,0,0.0,0,0.0,0,0.0,0,0.0,0,0.0,0,0.0,0,0.0
2014,12,1870,610,32.6,1260,67.4,536,28.7,1176,62.9,158,8.4,1205,64.4,321,17.2,62,3.3,82,4.4,92,4.9,89,4.8,7,0.4,961,51.4,109,5.8,78,4.2,64,3.4,145,7.8,69,3.7,30,1.6,0,0.0,0,0.0,0,0.0,116,6.2,28,1.5,0,0.0,0,0.0,0,0.0,0,0.0,0,0.0,0,0.0,0,0.0,0,0.0,0,0.0,0,0.0,0,0.0,0,0.0,0,0.0,0,0.0
2013,12,1659,582,35.1,1077,64.9,403,24.3,1069,64.4,187,11.3,1139,68.7,229,13.8,42,2.5,93,5.6,28,1.7,113,6.8,6,0.4,951,57.3,73,4.4,63,3.8,38,2.3,98,5.9,56,3.4,0,0.0,0,0.0,28,1.7,22,1.3,100,6.0,0,0.0,0,0.0,0,0.0,0,0.0,0,0.0,0,0.0,0,0.0,0,0.0,0,0.0,0,0.0,0,0.0,0,0.0,0,0.0,0,0.0,0,0.0
2012,12,1501,495,33.0,1006,67.0,400,26.6,958,63.8,143,9.5,1038,69.2,211,14.1,72,4.8,45,3.0,58,3.9,50,3.3,18,1.2,842,56.1,67,4.5,57,3.8,26,1.7,85,5.7,64,4.3,0,0.0,0,0.0,0,0.0,25,1.7,82,5.5,0,0.0,0,0.0,0,0.0,0,0.0,25,1.7,0,0.0,0,0.0,0,0.0,0,0.0,0,0.0,0,0.0,0,0.0,0,0.0,0,0.0,0,0.0
2011,12,1498,424,28.3,1074,71.7,380,25.4,1040,69.4,78,5.2,1004,67.0,228,15.2,93,6.2,59,3.9,39,2.6,65,4.3,3,0.2,982,65.6,40,2.7,63,4.2,32,2.1,78,5.2,50,3.3,20,1.3,0,0.0,0,0.0,0,0.0,43,2.9,0,0.0,0,0.0,0,0.0,0,0.0,0,0.0,20,1.3,0,0.0,0,0.0,0,0.0,0,0.0,0,0.0,0,0.0,0,0.0,0,0.0,0,0.0
2010,12,5967,2637,44.2,3330,55.8,1439,24.1,3997,67.0,531,8.9,3829,64.2,1080,18.1,196,3.3,253,4.2,279,4.7,300,5.0,23,0.4,5243,87.9,44,0.7,71,1.2,45,0.8,142,2.4,55,0.9,0,0.0,0,0.0,0,0.0,0,0.0,38,0.6,36,0.6,0,0.0,0,0.0,0,0.0,0,0.0,33,0.6,0,0.0,0,0.0,0,0.0,0,0.0,0,0.0,0,0.0,0,0.0,0,0.0,0,0.0
2009,12,1005,294,29.3,711,70.7,232,23.1,696,69.3,77,7.7,701,69.8,152,15.1,38,3.8,40,4.0,9,0.9,60,6.0,2,0.2,596,59.3,38,3.8,40,4.0,19,1.9,62,6.2,35,3.5,0,0.0,0,0.0,0,0.0,0,0.0,47,4.7,24,2.4,0,0.0,0,0.0,0,0.0,17,1.7,0,0.0,0,0.0,0,0.0,0,0.0,0,0.0,0,0.0,0,0.0,0,0.0,0,0.0,0,0.0
2008,12,1085,426,39.3,659,60.7,370,34.1,636,58.6,79,7.3,640,59.0,364,33.5,19,1.8,16,1.5,8,0.7,35,3.2,1,0.1,727,67.0,27,2.5,52,4.8,16,1.5,66,6.1,46,4.2,0,0.0,0,0.0,13,1.2,11,1.0,12,1.1,0,0.0,0,0.0,0,0.0,0,0.0,0,0.0,0,0.0,0,0.0,0,0.0,0,0.0,0,0.0,0,0.0,0,0.0,0,0.0,0,0.0,0,0.0
2007,12,796,237,29.8,559,70.2,242,30.4,523,65.7,31,3.9,617,77.5,43,5.4,50,6.3,16,2.0,25,3.1,42,5.3,3,0.4,478,60.1,25,3.1,62,7.8,12,1.5,27,3.4,41,5.2,0,0.0,0,0.0,14,1.8,0,0.0,0,0.0,14,1.8,0,0.0,0,0.0,0,0.0,0,0.0,0,0.0,16,2.0,0,0.0,0,0.0,0,0.0,0,0.0,0,0.0,0,0.0,0,0.0,0,0.0
2006,12,848,243,28.7,605,71.3,223,26.3,573,67.6,52,6.1,678,80.0,90,10.6,11,1.3,24,2.8,17,2.0,26,3.1,0,0.0,540,63.7,21,2.5,39,4.6,14,1.7,30,3.5,53,6.3,13,1.5,0,0.0,13,1.5,0,0.0,0,0.0,10,1.2,0,0.0,0,0.0,0,0.0,0,0.0,0,0.0,0,0.0,0,0.0,0,0.0,0,0.0,0,0.0,0,0.0,0,0.0,0,0.0,0,0.0
2005,12,668,173,25.9,495,74.1,202,30.2,437,65.4,29,4.3,479,71.7,56,8.4,35,5.2,23,3.4,41,6.1,30,4.5,2,0.3,440,65.9,21,3.1,23,3.4,0,0.0,28,4.2,33,4.9,0,0.0,0,0.0,14,2.1,0,0.0,0,0.0,11,1.6,0,0.0,0,0.0,15,2.2,0,0.0,11,1.6,0,0.0,0,0.0,0,0.0,0,0.0,0,0.0,0,0.0,0,0.0,0,0.0,0,0.0
2004,12,3803,1698,44.6,2105,55.4,1038,27.3,2543,66.9,222,5.8,2642,69.5,589,15.5,206,5.4,131,3.4,100,2.6,99,2.6,12,0.3,3437,90.4,31,0.8,24,0.6,21,0.6,54,1.4,45,1.2,0,0.0,0,0.0,0,0.0,0,0.0,0,0.0,25,0.7,0,0.0,0,0.0,0,0.0,0,0.0,0,0.0,0,0.0,15,0.4,19,0.5,0,0.0,0,0.0,0,0.0,0,0.0,0,0.0,0,0.0
,,,,,,,,,
